{
	"layer":"COMPOSITE_LAYER",
	"priority":"HIGHEST",
	"masks":
	[
		{
			"livingmotion":"ALL",
			"type":"root_upper_joints"
		},
		{
			"livingmotion":"IDLE",
			"type":"none"
		},
		{
			"livingmotion":"SWIM",
			"type":"arms"
		}
	],
	"trail_effects": [
		{
			"start_time": 0.05,
			"end_time": 1.45,
			"begin_pos": [0.0, 0.0, -1.2],
	    	        "end_pos": [0.0, 0.1, -2.4],
	    	        "lifetime": 6,
			"joint": "Tool_R",
			"item_skin_hand": "main_hand"
		}
	]
}