{
    "trail_effects": [
		{
			"begin_pos": [0.0, 0, -0.55],
    		"end_pos": [0.0, 0, -2.4],
			"start_time": 0.02,
			"end_time": 1.55,
			"lifetime": 4,
			"interpolations": 6,
			"joint": "Tool_L",
			"item_skin_hand": "off_hand"
		},
		{
			"begin_pos": [0.0, 0, -0.55],
    		"end_pos": [0.0, 0, -2.4],
			"start_time": 0.02,
			"end_time": 1.55,
			"lifetime": 4,
			"interpolations": 6,
			"joint": "Tool_R",
			"item_skin_hand": "main_hand"
		},
        {
            "start_time": 0.6666,
            "end_time": 1.45,
            "lifetime": 5,
            "interpolations": 30,
            "joint": "Root",
            "color": [0, 246, 255],
            "particle_type": "epicacg:photon_trail"
        },
        {
            "start_time": 0.0,
            "end_time": 1.733,
            "lifetime": 20,
            "joint": "Chest",
            "item_skin_hand": "main_hand",
            "particle_type": "epicacg:alo_wing",
            "texture_path": "epicacg:textures/particle/kirito_wing.png"
        },
        {
            "start_time": 0.6666,
            "end_time": 1.2,
            "lifetime": 2,
            "interpolations": 5,
            "joint": "Tool_R",
            "item_skin_hand": "main_hand",
            "particle_type": "epicacg:star_flash",
            "texture_path": "epicacg:textures/particle/star_flash.png"
        }
    ]
}