{
    "trail_effects": [
        {
            "start_time": 0.0,
            "end_time": 1.55,
	    "begin_pos": [0.0, 0, -0.5],
            "end_pos": [0.0, 0, -2.0],
            "lifetime": 5,
            "joint": "Tool_R",
            "item_skin_hand": "main_hand"
        },
        {
            "start_time": 0.05,
            "end_time": 1.55,
	    "begin_pos": [0.0, 0, -0.5],
            "end_pos": [0.0, 0, -2.0],
            "lifetime": 5,
            "joint": "Tool_L",
            "item_skin_hand": "off_hand"
        },
        {
            "start_time": 0.75,
            "end_time": 1.05,
	    "begin_pos": [0.0, 0, -0.5],
            "end_pos": [0.0, 0, -2.0],
            "lifetime": 5,
            "joint": "Tool_R",
            "item_skin_hand": "main_hand"
        }
    ]
}