{
    "model": "epicfight:entity/biped_old_texture",
    "armature": "epicfight:entity/biped",
    "renderer": "minecraft:zombie",
    "isHumanoid": true,
    "faction": "undead",
    "attributes": {
        "impact": 5,          
        "armor_negation": 5,    
        "max_strikes": 4,            
        "chasing_speed": 1.0,    
        "max_stamina": 18, 
         "stamina_regan_multiply": 3.0,    
        "stamina_regan_delay": 30,  
         "has_stun_reduction":true, 
         "max_stun_shield": 0,    
         "stun_shield_regan_multiply":0, 
         "stun_shield_regan_delay": 0,   
         "stamina_lose_multiply": 1  
    },
    "default_livingmotions": {
        "idle": "epicfight:wither_skeleton/idle",
        "walk": "epicfight:wither_skeleton/walk",
        "aim": "epicfight:biped/combat/bow_aim_mid",  
        "chase": "epicfight:wither_skeleton/chase",
        "mount": "epicfight:biped/living/mount",
        "fall": "epicfight:biped/living/fall",
        "death": "epicfight:biped/living/death"
    },
	"humanoid_weapon_motions": [  
              { 
                  "weapon_categories": ["axe","greatsword"],  
                  "style":"common", 
                  "livingmotions": {
                        "idle": "epicfight:wither_skeleton/idle",
                        "chase": "epicfight:wither_skeleton/chase",
                        "walk": "epicfight:wither_skeleton/walk"
                  }
              }
],
	"custom_guard_motion": [    
		  { 
			"weapon_categories": ["sword","dagger", "hoe", "shovel"], 
			"style":"one_hand", 	
			"guard": "indestructible:guard/guard_sword",
	"stamina_cost_multiply": 1, 	  
	"can_block_projectile" : true     
	  },
    { 
	    "weapon_categories": ["sword","dagger"], 
	    "style":"two_hand", 	
	"guard": "indestructible:guard/guard_dualsword",
    "stamina_cost_multiply": 1, 	  
    "can_block_projectile" : true     
    },
	{ 
	    "weapon_categories": ["axe"], 
	    "style":"common", 	
	"guard": "indestructible:guard/guard_dualsword",
    "stamina_cost_multiply": 1, 	  
    "can_block_projectile" : false     
    },
	{ 
	  "weapon_cegories": ["greatsword","s_greatsword"], 
	  "style":"common", 	
	  "guard": "indestructible:guard/guard_greatsword",
  "stamina_cost_multiply": 1, 	  
  "can_block_projectile" : false     
  },
    { 
	"weapon_categories": ["longsword","tachi"], 
	"style":"common", 	
	"guard": "indestructible:guard/guard_longsword",
"stamina_cost_multiply": 1, 	  
"can_block_projectile" : true  
},
 { 
	"weapon_categories": ["uchigatana"], 
	"style":"common", 	
	"guard": "indestructible:guard/guard_katana",
"stamina_cost_multiply": 1, 	  
"can_block_projectile" : true    
},
{ 
  "weapon_categories": ["spear","trident"], 
  "style":"common", 	
  "guard": "indestructible:guard/guard_spear",
"stamina_cost_multiply": 1, 	  
"can_block_projectile" : false     
}
    ],
    "stun_animations": {
        "short": "epicfight:biped/combat/hit_short",
        "long": "epicfight:biped/combat/hit_long",
        "knockdown": "epicfight:biped/combat/knockdown",
        "neutralize": "epicfight:biped/skill/guard_break1",
        "fall": "epicfight:biped/living/landing"
    },
    "combat_behavior": [
		{
			"weapon_categories": ["axe", "greatsword", "shovel","tachi","sword"],
			"style": "common",
			"behavior_series": [
				{
					"weight": 155.5,
					"canBeInterrupted": true,
					"looping": false,
					"behaviors": [					
						{
							"conditions": [
						  {"predicate":"indestructible:using_item", "edible": false}, {"predicate":"indestructible:guard_break", "invert": true}, {"predicate":"epicfight:within_eye_height"},   {"predicate":"epicfight:within_distance", "min": 0.5, "max": 2.5}
							],
							"guard": 20, 			
							"counter": "epicfight:biped/skill/the_guillotine",
							"counter_cost": 10, 		
							"counter_chance": 0.2, 			
							"counter_speed": 1 			
						}
                    ]                 
				},
			{
				"weight": 1.5,
				"canBeInterrupted": true,
				"looping": false,
				"behaviors": [		
			{
					"conditions": [
						  {"predicate":"indestructible:using_item", "edible": false}, {"predicate":"indestructible:guard_break", "invert": true}, {"predicate":"epicfight:within_eye_height"},   {"predicate":"epicfight:within_distance", "min": 0.5, "max": 2.5}
					],
					"animation": "cdmoveset:biped/new/sword/sword_onehand_auto_4", 			
					"play_speed": 1.0, 								
					"stamina": 0,																													
					"set_phase": 1
			},
			{
				"conditions": [
						  {"predicate":"indestructible:using_item", "edible": false}, {"predicate":"indestructible:guard_break", "invert": true}, {"predicate":"epicfight:within_eye_height"},   {"predicate":"epicfight:within_distance", "min": 0.5, "max": 2.5}
				],
				"animation": "cdmoveset:biped/new/sword/sword_onehand_auto_1", 			
				"play_speed": 1.0, 								
				"stamina": 0,																													
				"set_phase": 1
		},
			{
				"conditions": [
					 {"predicate":"indestructible:guard_break", "invert": true}, {"predicate":"epicfight:within_eye_height"},   {"predicate":"epicfight:within_distance", "min": 1.0, "max": 3.0}
				],
				"animation": "epicfight:illager/swing_axe3", 			
				"play_speed": 1.0, 								
				"stamina": 0,																													
				"set_phase": 1
		},
			{
				"conditions": [
						  {"predicate":"indestructible:using_item", "edible": false}, {"predicate":"indestructible:guard_break", "invert": true}, {"predicate":"epicfight:within_eye_height"},   {"predicate":"epicfight:within_distance", "min": 0.5, "max": 2.5}
				],
				"animation": "epicfight:biped/combat/axe_dash", 			
				"play_speed": 1.0, 								
				"stamina": 0,																													
				"set_phase": 1
		}
				]                 
			}
			]
			
        },
{
			"weapon_categories": ["fist","dagger"],
			"style": "common",
			"behavior_series": [
				{
					"weight": 1.5,
					"canBeInterrupted": true,
					"looping": false,
					"behaviors": [					
						{
							"conditions": [
						  {"predicate":"indestructible:using_item", "edible": false}, {"predicate":"indestructible:guard_break", "invert": true}, {"predicate":"epicfight:within_eye_height"},   {"predicate":"epicfight:within_distance", "min": 0.5, "max": 2.5}
							],
							"guard": 20, 			
							"counter": "wom:biped/combat/enderblaster_onehand_dash",
							"counter_cost": 10, 		
							"counter_chance": 0.2, 			
							"counter_speed": 1 			
						}
                    ]                 
				},
			{
				"weight": 1.5,
				"canBeInterrupted": true,
				"looping": false,
				"behaviors": [		
			{
					"conditions": [
						  {"predicate":"indestructible:using_item", "edible": false}, {"predicate":"indestructible:guard_break", "invert": true}, {"predicate":"epicfight:within_eye_height"},   {"predicate":"epicfight:within_distance", "min": 0.5, "max": 2.5}
					],
					"animation": "epicfight:zombie/attack1", 			
					"play_speed": 1.1, 								
					"stamina": 0,																													
					"set_phase": 1
			},
			{
				"conditions": [
						  {"predicate":"indestructible:using_item", "edible": false}, {"predicate":"indestructible:guard_break", "invert": true}, {"predicate":"epicfight:within_eye_height"},   {"predicate":"epicfight:within_distance", "min": 0.5, "max": 2.5}
				],
				"animation": "epicfight:zombie/attack2", 			
				"play_speed": 1.0, 								
				"stamina": 0,																													
				"set_phase": 1
		},
			{
				"conditions": [
						  {"predicate":"indestructible:using_item", "edible": false}, {"predicate":"indestructible:guard_break", "invert": true}, {"predicate":"epicfight:within_eye_height"},   {"predicate":"epicfight:within_distance", "min": 0.5, "max": 2.5}
				],
				"animation": "epicfight:zombie/attack3", 			
				"play_speed": 1.0, 								
				"stamina": 0,																													
				"set_phase": 1
		}
				]                 
			}
			]
			
        },
{
			"weapon_categories": ["longsword","s_greatsword"],
			"style": "common",
			"behavior_series": [
				{
					"weight": 155.5,
					"canBeInterrupted": true,
					"looping": false,
					"behaviors": [					
						{
							"conditions": [
						  {"predicate":"indestructible:using_item", "edible": false}, {"predicate":"indestructible:guard_break", "invert": true}, {"predicate":"epicfight:within_eye_height"},   {"predicate":"epicfight:within_distance", "min": 0.5, "max": 2.5}
							],
							"guard": 20, 			
							"counter": "wom:biped/combat/solar_auto_3",
							"counter_cost": 10, 		
							"counter_chance": 0.2, 			
							"counter_speed": 1 			
						}
                    ]                 
				},
			{
				"weight": 1.5,
				"canBeInterrupted": true,
				"looping": false,
				"behaviors": [		
			{
					"conditions": [
						  {"predicate":"indestructible:using_item", "edible": false}, {"predicate":"indestructible:guard_break", "invert": true}, {"predicate":"epicfight:within_eye_height"},   {"predicate":"epicfight:within_distance", "min": 0.5, "max": 2.5}
					],
					"animation": "cdmoveset:biped/new/dual_greatsword/combat/greatsword_twohand_auto_1", 			
					"play_speed": 0.8, 								
					"stamina": 0,																													
					"set_phase": 1
			},
			{
				"conditions": [
						  {"predicate":"indestructible:using_item", "edible": false}, {"predicate":"indestructible:guard_break", "invert": true}, {"predicate":"epicfight:within_eye_height"},   {"predicate":"epicfight:within_distance", "min": 0.5, "max": 2.5}
				],
				"animation": "cdmoveset:biped/new/dual_greatsword/combat/greatsword_twohand_auto_2", 			
				"play_speed": 0.8, 								
				"stamina": 0,																													
				"set_phase": 1
		},
{
				"conditions": [
						  {"predicate":"indestructible:using_item", "edible": false}, {"predicate":"indestructible:guard_break", "invert": true}, {"predicate":"epicfight:within_eye_height"},   {"predicate":"epicfight:within_distance", "min": 0.5, "max": 2.5}
				],
				"animation": "cdmoveset:biped/new/dual_greatsword/combat/greatsword_twohand_auto_3", 			
				"play_speed": 0.8, 								
				"stamina": 0,																													
				"set_phase": 1
		}

				]                 
			}
			]
			
        }

    ]
}