{
    "model": "epicfight:entity/biped",
    "armature": "epicfight:entity/biped",
    "renderer": "minecraft:zombie",
    "isHumanoid": true,
    "faction": "neutral",
    "attributes": {
        "impact": 0.5,
        "armor_negation": 0.0,
        "max_strikes": 1,
        "chasing_speed": 1.0,
                "scale": 3.0
    },
    "default_livingmotions": {
        "idle": "epicfight:biped/living/idle",
        "walk": "epicfight:biped/living/walk",
        "chase": "epicfight:biped/living/walk",
        "mount": "epicfight:biped/living/mount",
                "fall": "epicfight:biped/living/fall",
        "death": "epicfight:biped/skill/guard_break1"
    },
    "stun_animations": {
        "short": "epicfight:biped/combat/hit_short",
        "long": "epicfight:biped/combat/hit_long",
        "knockdown": "epicfight:biped/combat/knockdown",
        "fall": "epicfight:biped/living/landing",
        "neutralize": "epicfight:biped/skill/guard_break1"
    },
    "combat_behavior": [
{
            "weapon_categories": ["longsword"],
            "style": "common",
            "behavior_series": [
            	{
                    "weight": 100.0,
                    "canBeInterrupted": false,
                    "looping": false,
                    "behaviors": [
                        {
                            "conditions": [
                                {"predicate":"within_eye_height"}, {"predicate":"within_distance", "min": 0.0, "max": 6.3}, {"predicate":"within_angle_horizontal", "min": 0.0, "max": 120.0}
                            ],
                            "animation": "epicfight:biped/skill/sweeping_edge"
                        }
                    ]
                },
                {
                    "weight": 100.0,
                    "canBeInterrupted": false,
                    "looping": false,
                    "behaviors": [
                        {
                            "conditions": [
                                {"predicate":"within_eye_height"}, {"predicate":"within_distance", "min": 0.0, "max": 6.3}, {"predicate":"within_angle_horizontal", "min": 0.0, "max": 120.0}
                            ],
                            "animation": "epicfight:biped/skill/tsunami"
                        }
                    ]
                },
                {
                    "weight": 100.0,
                    "canBeInterrupted": false,
                    "looping": false,
                    "behaviors": [
                        {
                            "conditions": [
                                {"predicate":"within_eye_height"}, {"predicate":"within_distance", "min": 0.0, "max": 6.3}, {"predicate":"within_angle_horizontal", "min": 0.0, "max": 120.0}
                            ],
                            "animation": "epicfight:biped/skill/wrathful_lighting"
                        }
                    ]
                },
                {
                    "weight": 100.0,
                    "canBeInterrupted": false,
                    "looping": false,
                    "behaviors": [
                        {
                            "conditions": [
                                {"predicate":"within_eye_height"}, {"predicate":"within_distance", "min": 0.0, "max": 6.3}, {"predicate":"within_angle_horizontal", "min": 0.0, "max": 120.0}
                            ],
                            "animation": "epicfight:biped/skill/grasping_spire_second"
                        }
                    ]
                },
                {
                    "weight": 100.0,
                    "canBeInterrupted": false,
                    "looping": false,
                    "behaviors": [
                        {
                            "conditions": [
                                {"predicate":"within_eye_height"}, {"predicate":"within_distance", "min": 0.0, "max": 6.3}, {"predicate":"within_angle_horizontal", "min": 0.0, "max": 120.0}
                            ],
                            "animation": "wom:biped/combat/staff_dash"
                        }
                    ]
                },
                {
                    "weight": 100.0,
                    "canBeInterrupted": false,
                    "looping": false,
                    "behaviors": [
                        {
                            "conditions": [
                                {"predicate":"within_eye_height"}, {"predicate":"within_distance", "min": 0.0, "max": 6.3}, {"predicate":"within_angle_horizontal", "min": 0.0, "max": 120.0}
                            ],
                            "animation": "wom:biped/combat/herrscher_auto_1"
                        }
                    ]
                },
                {
                    "weight": 100.0,
                    "canBeInterrupted": false,
                    "looping": false,
                    "behaviors": [
                        {
                            "conditions": [
                                {"predicate":"within_eye_height"}, {"predicate":"within_distance", "min": 0.0, "max": 6.3}, {"predicate":"within_angle_horizontal", "min": 0.0, "max": 120.0}
                            ],
                            "animation": "wom:biped/combat/herrscher_auto_2"
                        }
                    ]
                },
                {
                    "weight": 100.0,
                    "canBeInterrupted": false,
                    "looping": false,
                    "behaviors": [
                        {
                            "conditions": [
                                {"predicate":"within_eye_height"}, {"predicate":"within_distance", "min": 0.0, "max": 6.3}, {"predicate":"within_angle_horizontal", "min": 0.0, "max": 120.0}
                            ],
                            "animation": "wom:biped/combat/herrscher_auto_3"
                        }
                    ]
                },
                {
                    "weight": 100.0,
                    "canBeInterrupted": false,
                    "looping": false,
                    "behaviors": [
                        {
                            "conditions": [
                                {"predicate":"within_eye_height"}, {"predicate":"within_distance", "min": 0.0, "max": 6.3}, {"predicate":"within_angle_horizontal", "min": 0.0, "max": 120.0}
                            ],
                            "animation": "epicfight:biped/skill/eviscerate_first"
                        }
                    ]
                },
                {
                    "weight": 100.0,
                    "canBeInterrupted": false,
                    "looping": false,
                    "behaviors": [
                        {
                            "conditions": [
                                {"predicate":"within_eye_height"}, {"predicate":"within_distance", "min": 0.0, "max": 6.3}, {"predicate":"within_angle_horizontal", "min": 0.0, "max": 120.0}
                            ],
                            "animation": "wom:biped/combat/ruine_auto_1"
                        }
                    ]
                },
                {
                    "weight": 100.0,
                    "canBeInterrupted": false,
                    "looping": false,
                    "behaviors": [
                        {
                            "conditions": [
                                {"predicate":"within_eye_height"}, {"predicate":"within_distance", "min": 0.0, "max": 6.3}, {"predicate":"within_angle_horizontal", "min": 0.0, "max": 120.0}
                            ],
                            "animation": "wom:biped/combat/ruine_auto_2"
                        }
                    ]
                },
                {
                    "weight": 100.0,
                    "canBeInterrupted": false,
                    "looping": false,
                    "behaviors": [
                        {
                            "conditions": [
                                {"predicate":"within_eye_height"}, {"predicate":"within_distance", "min": 0.0, "max": 6.3}, {"predicate":"within_angle_horizontal", "min": 0.0, "max": 120.0}
                            ],
                            "animation": "wom:biped/combat/ruine_auto_3"
                        }
                    ]
                },
                {
                    "weight": 100.0,
                    "canBeInterrupted": false,
                    "looping": false,
                    "behaviors": [
                        {
                            "conditions": [
                                {"predicate":"within_eye_height"}, {"predicate":"within_distance", "min": 0.0, "max": 6.3}, {"predicate":"within_angle_horizontal", "min": 0.0, "max": 120.0}
                            ],
                            "animation": "wom:biped/combat/ruine_auto_4"
                        }
                    ]
                },
                {
                    "weight": 100.0,
                    "canBeInterrupted": false,
                    "looping": false,
                    "behaviors": [
                        {
                            "conditions": [
                                {"predicate":"within_eye_height"}, {"predicate":"within_distance", "min": 0.0, "max": 6.3}, {"predicate":"within_angle_horizontal", "min": 0.0, "max": 120.0}
                            ],
                            "animation": "wom:biped/skill/torment_berserk_dash"
                        }
                    ]
                },
                {
                    "weight": 100.0,
                    "canBeInterrupted": false,
                    "looping": false,
                    "behaviors": [
                        {
                            "conditions": [
                                {"predicate":"within_eye_height"}, {"predicate":"within_distance", "min": 0.0, "max": 6.3}, {"predicate":"within_angle_horizontal", "min": 0.0, "max": 120.0}
                            ],
                            "animation": "epicfight:biped/combat/mob_longsword1"
                        }
                    ]
                },
                {
                    "weight": 100.0,
                    "canBeInterrupted": false,
                    "looping": false,
                    "behaviors": [
                        {
                            "conditions": [
                                {"predicate":"within_eye_height"}, {"predicate":"within_distance", "min": 0.0, "max": 6.3}, {"predicate":"within_angle_horizontal", "min": 0.0, "max": 120.0}
                            ],
                            "animation": "epicfight:biped/combat/mob_longsword2"
                        }
                    ]
                },
                {
                    "weight": 100.0,
                    "canBeInterrupted": false,
                    "looping": false,
                    "behaviors": [
                        {
                            "conditions": [
                                {"predicate":"within_eye_height"}, {"predicate":"within_distance", "min": 0.0, "max": 6.3}, {"predicate":"within_angle_horizontal", "min": 0.0, "max": 120.0}
                            ],
                            "animation": "wom:biped/skill/enderstep_left"
                        }
                    ]
                },
                {
                    "weight": 100.0,
                    "canBeInterrupted": false,
                    "looping": false,
                    "behaviors": [
                        {
                            "conditions": [
                                {"predicate":"within_eye_height"}, {"predicate":"within_distance", "min": 0.0, "max": 6.3}, {"predicate":"within_angle_horizontal", "min": 0.0, "max": 120.0}
                            ],
                            "animation": "wom:biped/skill/enderstep_right"
                        }
                    ]
                },
                {
                    "weight": 100.0,
                    "canBeInterrupted": false,
                    "looping": false,
                    "behaviors": [
                        {
                            "conditions": [
                                {"predicate":"within_eye_height"}, {"predicate":"within_distance", "min": 0.0, "max": 6.3}, {"predicate":"within_angle_horizontal", "min": 0.0, "max": 120.0}
                            ],
                            "animation": "wom:biped/skill/enderstep_forward"
                        }
                    ]
                },
                {
                    "weight": 100.0,
                    "canBeInterrupted": false,
                    "looping": false,
                    "behaviors": [
                        {
                            "conditions": [
                                {"predicate":"within_eye_height"}, {"predicate":"within_distance", "min": 0.0, "max": 6.3}, {"predicate":"within_angle_horizontal", "min": 0.0, "max": 120.0}
                            ],
                            "animation": "wom:biped/skill/enderstep_backward"
                        }
                    ]
                }
           ]
   }
   ]
}