{
	"type": "guardvillagers:slot",
	"pools": [
{
		"rolls": 1,
		"entries": [
                        {
				"type": "minecraft:item",
				"name": "minecraft:iron_sword",
				"weight": 35
			},
                        {
				"type": "minecraft:item",
				"name": "minecraft:diamond_sword",
				"weight": 8
			},
			{
				"type": "minecraft:item",
				"name": "minecraft:bow",
				"weight": 20
			},
        {
          "type": "minecraft:item",
          "weight": 20,
          "name": "minecraft:crossbow"
        },
			{
				"type": "minecraft:item",
				"name": "epicfight:diamond_dagger",
				"weight": 5
			},
			{
				"type": "minecraft:item",
				"name": "epicfight:iron_dagger",
				"weight": 45
			},
			{
				"type": "minecraft:item",
				"name": "epicfight:diamond_greatsword",
				"weight": 0
			},
			{
				"type": "minecraft:item",
				"name": "epicfight:iron_greatsword",
				"weight": 25
			},
			{
				"type": "minecraft:item",
				"name": "epicfight:diamond_longsword",
				"weight": 5
			},
			{
				"type": "minecraft:item",
				"name": "epicfight:iron_longsword",
				"weight": 35
			},
			{
				"type": "minecraft:item",
				"name": "epicfight:diamond_spear",
				"weight": 5
			},
			{
				"type": "minecraft:item",
				"name": "epicfight:iron_spear",
				"weight": 45
			},
			{
				"type": "minecraft:item",
				"name": "epicfight:diamond_tachi",
				"weight": 5
			},
			{
				"type": "minecraft:item",
				"name": "epicfight:iron_tachi",
				"weight": 35
			}
		]
	}]
}