{
    "model": "epicfight:entity/piglin",
    "armature": "epicfight:entity/piglin",
    "renderer": "minecraft:zombified_piglin",
    "isHumanoid": true,
    "faction": "undead",
    "attributes": {
        "impact": 3.5,          
        "armor_negation": 5.5,    
        "max_strikes": 2,          
        "chasing_speed": 0.7,    
        "max_stamina": 18, 
         "stamina_regan_multiply": 0.5,    
        "stamina_regan_delay": 3,  
         "has_stun_reduction":true, 
         "max_stun_shield": 0,    
         "stun_shield_regan_multiply":0, 
         "stun_shield_regan_delay": 0,
         "guard_radius": 1,
         "stamina_lose_multiply": 1,
         "scale": 1.2  
    },
    "default_livingmotions": {
        "idle": "epicfight:wither_skeleton/idle",
        "walk": "epicfight:wither_skeleton/walk",
        "aim": "epicfight:biped/combat/bow_aim_mid",  
        "chase": "epicfight:wither_skeleton/chase",
        "mount": "epicfight:biped/living/mount",
        "fall": "epicfight:biped/living/fall",
        "death": "epicfight:biped/living/death"
    },
	"humanoid_weapon_motions": [  
              { 
                  "weapon_categories": ["sword"],  
                  "style":"common", 
                  "livingmotions": {
                        "idle": "wom:biped/living/katana_idle",
                        "chase": "epicfight:wither_skeleton/chase",
                        "walk": "epicfight:wither_skeleton/walk"
                  }
              }
],
	"custom_guard_motion": [    
		  { 
			"weapon_categories": ["sword","dagger","axe", "hoe", "shovel"], 
			"style":"one_hand", 	
			"guard": "indestructible:guard/guard_sword",
	"stamina_cost_multiply": 1, 	  
	"can_block_projectile" : true     
	  },
    { 
	    "weapon_categories": ["sword","dagger"], 
	    "style":"two_hand", 	
	"guard": "indestructible:guard/guard_dualsword",
    "stamina_cost_multiply": 1, 	  
    "can_block_projectile" : true     
    },
	{ 
	    "weapon_categories": ["fist"], 
	    "style":"common", 	
	"guard": "indestructible:guard/guard_dualsword",
    "stamina_cost_multiply": 1, 	  
    "can_block_projectile" : false     
    },
	{ 
	  "weapon_cegories": ["greatsword","s_greatsword"], 
	  "style":"common", 	
	  "guard": "indestructible:guard/guard_greatsword",
  "stamina_cost_multiply": 1, 	  
  "can_block_projectile" : false     
  },
    { 
	"weapon_categories": ["longsword","tachi"], 
	"style":"common", 	
	"guard": "indestructible:guard/guard_longsword",
"stamina_cost_multiply": 1, 	  
"can_block_projectile" : true  
},
 { 
	"weapon_categories": ["uchigatana"], 
	"style":"common", 	
	"guard": "indestructible:guard/guard_katana",
"stamina_cost_multiply": 1, 	  
"can_block_projectile" : true    
},
{ 
  "weapon_categories": ["spear","trident"], 
  "style":"common", 	
  "guard": "indestructible:guard/guard_spear",
"stamina_cost_multiply": 1, 	  
"can_block_projectile" : false     
}
    ],
    "stun_animations": {
        "short": "epicfight:biped/combat/hit_short",
        "long": "epicfight:biped/combat/hit_long",
        "knockdown": "epicfight:biped/combat/knockdown",
        "neutralize": "epicfight:biped/skill/guard_break1",
        "fall": "epicfight:biped/living/landing"
    },
    "combat_behavior": [
		{
			"weapon_categories": ["axe", "hoe", "shovel","pickaxe","uchigatana","longsword","sword"],
			"style": "common",
			"behavior_series": [
				{
					"weight": 200.4,
					"canBeInterrupted": true,
					"looping": false,
					"behaviors": [					
						{
							"conditions": [
						                               {"predicate":"indestructible:guard_break", "invert": true}, {"predicate":"epicfight:within_eye_height"},   {"predicate":"epicfight:within_distance", "min": 0.0, "max": 3.0}
							],
							"guard": 3.5, 			
							"counter": "wom:biped/combat/solar_obscuridad_auto_2",
							"counter_cost": 10, 		
							"counter_chance": 0.4,
							"counter_speed": 1 			
						}
                    ]                 
				},
			{
				"weight": 200.4,
			        "guard": 3.5, 			
				"canBeInterrupted": true,
				"looping": false,
				"behaviors": [		
			{
					"conditions": [
                                                                 {"predicate":"epicfight:within_eye_height"},   {"predicate":"epicfight:within_distance", "min": 0.0, "max": 3.0}
					],
					"animation": "cdmoveset:biped/new/sword/sword_onehand_auto_1", 			
					"play_speed": 0.8, 								
					"stamina": 0,
					"set_phase": 1
			},
			{
				"conditions": [
                                                                {"predicate":"indestructible:guard_break", "invert": true}, {"predicate":"epicfight:within_eye_height"},   {"predicate":"epicfight:within_distance", "min": 0.0, "max": 3.0}
				],
					"animation": "cdmoveset:biped/new/sword/sword_onehand_auto_2", 			
					"play_speed": 0.8, 								
				"stamina": 0,																													
				"set_phase": 1
		},
			{
				"conditions": [
                                                                {"predicate":"indestructible:guard_break", "invert": true}, {"predicate":"epicfight:within_eye_height"},   {"predicate":"epicfight:within_distance", "min": 0.0, "max": 3.0}
				],
					"animation": "cdmoveset:biped/new/sword/sword_onehand_auto_3", 			
					"play_speed": 0.8, 								
				"stamina": 0,																													
				"set_phase": 1
		},
			{
					"conditions": [
                                                                 {"predicate":"epicfight:within_eye_height"},   {"predicate":"epicfight:within_distance", "min": 0.0, "max": 3.0}
					],
					"animation": "epicfight:biped/skill/roll_backward", 			
					"play_speed": 0.8, 								
					"stamina": 0,
					"set_phase": 1
			},
			{
				"conditions": [
                                                               {"predicate":"epicfight:within_eye_height"},   {"predicate":"epicfight:within_distance", "min": 0.0, "max": 3.0}
				],
					"animation": "wom:biped/combat/katana_auto_1", 			
					"play_speed": 0.8, 								
				"stamina": 0,																													
				"set_phase": 1
		}
				]                 
			}
			]
			
        },
{
			"weapon_categories": ["fist","dagger","s_dagger"],
			"style": "common",
			"behavior_series": [
				{
					"weight": 200.4,
					"canBeInterrupted": true,
					"looping": false,
					"behaviors": [					
						{
							"conditions": [
                                                               {"predicate":"epicfight:within_eye_height"},   {"predicate":"epicfight:within_distance", "min": 0.0, "max": 3.0}
							],
							"guard": 4, 			
							"counter": "wom:biped/combat/enderblaster_onehand_dash",
							"counter_cost": 10, 		
							"counter_chance": 0.4, 			
							"counter_speed": 1 			
						}
                    ]                 
				},
			{
				"weight": 200.4,
			        "guard": 3.5, 			
				"canBeInterrupted": true,
				"looping": false,
				"behaviors": [		
			{
					"conditions": [
                                                               {"predicate":"epicfight:within_eye_height"},   {"predicate":"epicfight:within_distance", "min": 0.0, "max": 3.0}
					],
					"animation": "epicfight:zombie/attack1", 			
					"play_speed": 0.8, 								
					"stamina": 0,																													
					"set_phase": 1
			},
			{
				"conditions": [
                                                               {"predicate":"epicfight:within_eye_height"},   {"predicate":"epicfight:within_distance", "min": 0.0, "max": 3.0}
				],
				"animation": "epicfight:zombie/attack2", 			
					"play_speed": 0.8, 								
				"stamina": 0,																													
				"set_phase": 1
		},
			{
					"conditions": [
                                                                 {"predicate":"epicfight:within_eye_height"},   {"predicate":"epicfight:within_distance", "min": 0.0, "max": 3.0}
					],
					"animation": "epicfight:biped/skill/step_right", 			
					"play_speed": 0.8, 								
					"stamina": 0,
					"set_phase": 1
			},
			{
				"conditions": [
                                                               {"predicate":"epicfight:within_eye_height"},   {"predicate":"epicfight:within_distance", "min": 0.0, "max": 3.0}
				],
				"animation": "epicfight:zombie/attack3", 			
					"play_speed": 0.8, 								
				"stamina": 0,																													
				"set_phase": 1
		}
				]                 
			}
			]
			
        },
{
			"weapon_categories": ["spear","trident","s_spear","gs_spear"],
			"style": "common",
			"behavior_series": [
				{
					"weight": 200.4,
					"canBeInterrupted": true,
					"looping": false,
					"behaviors": [					
						{
							"conditions": [
                                                               {"predicate":"epicfight:within_eye_height"},   {"predicate":"epicfight:within_distance", "min": 0.0, "max": 3.0}
							],
							"guard": 4, 			
							"counter": "wom:biped/combat/agony_clawstrike",
							"counter_cost": 10, 		
							"counter_chance": 0.4, 			
							"counter_speed": 1.2 			
						}
                    ]                 
				},
			{
				"weight": 200.4,
			        "guard": 3.5, 			
				"canBeInterrupted": true,
				"looping": false,
				"behaviors": [		
			{
					"conditions": [
                                                               {"predicate":"epicfight:within_eye_height"},   {"predicate":"epicfight:within_distance", "min": 0.0, "max": 3.0}
					],
					"animation": "wom:biped/combat/agony_auto_1", 			
					"play_speed": 0.8, 								
					"stamina": 0,																													
					"set_phase": 1
			},
			{
				"conditions": [
                                                               {"predicate":"epicfight:within_eye_height"},   {"predicate":"epicfight:within_distance", "min": 0.0, "max": 3.0}
				],
				"animation": "refm:biped/skill/guard_rapier_parry_ocean", 			
					"play_speed": 0.8, 								
				"stamina": 0,																													
				"set_phase": 1
		},
			{
					"conditions": [
                                                                 {"predicate":"epicfight:within_eye_height"},   {"predicate":"epicfight:within_distance", "min": 0.0, "max": 3.0}
					],
					"animation": "epicfight:biped/skill/step_right", 			
					"play_speed": 0.8, 								
					"stamina": 0,
					"set_phase": 1
			},
			{
				"conditions": [
                                                               {"predicate":"epicfight:within_eye_height"},   {"predicate":"epicfight:within_distance", "min": 0.0, "max": 3.0}
				],
				"animation": "refm:biped/combat/rapier_dash_ocean", 			
					"play_speed": 0.8, 								
				"stamina": 0,																													
				"set_phase": 1
		}
				]                 
			}
			]
			
        },
{
			"weapon_categories": ["katana","tachi","s_tachi"],
			"style": "common",
			"behavior_series": [
				{
					"weight": 200.4,
					"canBeInterrupted": true,
					"looping": false,
					"behaviors": [					
						{
							"conditions": [
                                                               {"predicate":"epicfight:within_eye_height"},   {"predicate":"epicfight:within_distance", "min": 0.0, "max": 3.0}
							],
							"guard": 4, 			
							"counter": "cdmoveset:biped/new/katana/skill/fatal_draw_dash",
							"counter_cost": 10, 		
							"counter_chance": 0.4, 			
							"counter_speed": 1 			
						}
                    ]                 
				},
			{
				"weight": 200.4,
			        "guard": 3.5, 			
				"canBeInterrupted": true,
				"looping": false,
				"behaviors": [		
			{
					"conditions": [
                                                               {"predicate":"epicfight:within_eye_height"},   {"predicate":"epicfight:within_distance", "min": 0.0, "max": 3.0}
					],
					"animation": "cdmoveset:biped/new/dual_tachi/great_tachi_auto1", 			
					"play_speed": 0.8, 								
					"stamina": 0,																													
					"set_phase": 1
			},
			{
					"conditions": [
                                                               {"predicate":"epicfight:within_eye_height"},   {"predicate":"epicfight:within_distance", "min": 0.0, "max": 3.0}
					],
					"animation": "cdmoveset:biped/new/dual_tachi/great_tachi_auto2", 			
					"play_speed": 0.8, 								
					"stamina": 0,																													
					"set_phase": 1
			},
			{
				"conditions": [
                                                               {"predicate":"epicfight:within_eye_height"},   {"predicate":"epicfight:within_distance", "min": 0.0, "max": 3.0}
				],
				"animation": "cdmoveset:biped/new/yamato/yamato_auto2", 			
					"play_speed": 0.8, 								
				"stamina": 0,																													
				"set_phase": 1
		},
			{
					"conditions": [
                                                                 {"predicate":"epicfight:within_eye_height"},   {"predicate":"epicfight:within_distance", "min": 0.0, "max": 3.0}
					],
					"animation": "epicfight:biped/skill/step_right", 			
					"play_speed": 0.8, 								
					"stamina": 0,
					"set_phase": 1
			},
			{
				"conditions": [
                                                               {"predicate":"epicfight:within_eye_height"},   {"predicate":"epicfight:within_distance", "min": 0.0, "max": 3.0}
				],
				"animation": "cdmoveset:biped/new/dual_tachi/great_tachi_auto3", 			
					"play_speed": 0.8, 								
				"stamina": 0,																													
				"set_phase": 1
		}
				]                 
			}
			]
			
        },
{
			"weapon_categories": ["rapier"],
			"style": "common",
			"behavior_series": [
				{
					"weight": 200.4,
					"canBeInterrupted": true,
					"looping": false,
					"behaviors": [					
						{
							"conditions": [
                                                               {"predicate":"epicfight:within_eye_height"},   {"predicate":"epicfight:within_distance", "min": 0.0, "max": 3.0}
							],
							"guard": 4, 			
							"counter": "refm:biped/combat/rapier_dash_ender",
							"counter_cost": 10, 		
							"counter_chance": 0.4, 			
							"counter_speed": 1 			
						}
                    ]                 
				},
			{
				"weight": 200.4,
			        "guard": 3.5, 			
				"canBeInterrupted": true,
				"looping": false,
				"behaviors": [		
			{
					"conditions": [
                                                               {"predicate":"epicfight:within_eye_height"},   {"predicate":"epicfight:within_distance", "min": 0.0, "max": 3.0}
					],
					"animation": "refm:biped/combat/rapier_auto1", 			
					"play_speed": 0.8, 								
					"stamina": 0,																													
					"set_phase": 1
			},
			{
					"conditions": [
                                                               {"predicate":"epicfight:within_eye_height"},   {"predicate":"epicfight:within_distance", "min": 0.0, "max": 3.0}
					],
					"animation": "epicacg:biped/sao_rapier/sao_rapier_auto1", 			
					"play_speed": 0.8, 								
					"stamina": 0,																													
					"set_phase": 1
			},
			{
				"conditions": [
                                                               {"predicate":"epicfight:within_eye_height"},   {"predicate":"epicfight:within_distance", "min": 0.0, "max": 3.0}
				],
				"animation": "epicacg:biped/sao_rapier/sao_rapier_auto2", 			
					"play_speed": 0.8, 								
				"stamina": 0,																													
				"set_phase": 1
		},
			{
					"conditions": [
                                                                 {"predicate":"epicfight:within_eye_height"},   {"predicate":"epicfight:within_distance", "min": 0.0, "max": 3.0}
					],
					"animation": "epicfight:biped/skill/step_right", 			
					"play_speed": 0.8, 								
					"stamina": 0,
					"set_phase": 1
			},
			{
				"conditions": [
                                                               {"predicate":"epicfight:within_eye_height"},   {"predicate":"epicfight:within_distance", "min": 0.0, "max": 3.0}
				],
				"animation": "epicacg:biped/sao_rapier/sao_rapier_auto3", 			
					"play_speed": 0.8, 								
				"stamina": 0,																													
				"set_phase": 1
		}
				]                 
			}
			]
			
        },
{
			"weapon_categories": ["greatsword","s_greatsword"],
			"style": "common",
			"behavior_series": [
				{
					"weight": 200.4,
			                "guard": 3.5, 			
					"canBeInterrupted": true,
					"looping": false,
					"behaviors": [					
						{
							"conditions": [
                                                               {"predicate":"epicfight:within_eye_height"},   {"predicate":"epicfight:within_distance", "min": 0.0, "max": 3.0}
							],
							"guard": 4, 			
							"counter": "wom:biped/combat/solar_auto_3",
							"counter_cost": 10, 		
							"counter_chance": 0.4, 			
							"counter_speed": 1 			
						}
                    ]                 
				},
			{
				"weight": 200.4,
			        "guard": 3.5, 			
				"canBeInterrupted": true,
				"looping": false,
				"behaviors": [		
			{
					"conditions": [
                                                               {"predicate":"epicfight:within_eye_height"},   {"predicate":"epicfight:within_distance", "min": 0.0, "max": 3.0}
					],
					"animation": "cdmoveset:biped/new/dual_greatsword/combat/greatsword_twohand_auto_1", 			
					"play_speed": 0.8, 								
					"stamina": 0,																													
					"set_phase": 1
			},
			{
				"conditions": [
                                                               {"predicate":"epicfight:within_eye_height"},   {"predicate":"epicfight:within_distance", "min": 0.0, "max": 3.0}
				],
				"animation": "cdmoveset:biped/new/dual_greatsword/combat/greatsword_twohand_auto_2", 			
					"play_speed": 0.8, 								
				"stamina": 0,																													
				"set_phase": 1
		},
{
				"conditions": [
                                                               {"predicate":"epicfight:within_eye_height"},   {"predicate":"epicfight:within_distance", "min": 0.0, "max": 3.0}
				],
				"animation": "cdmoveset:biped/new/dual_greatsword/combat/greatsword_twohand_auto_3", 			
					"play_speed": 0.8, 								
				"stamina": 0,																													
				"set_phase": 1
		}

				]                 
			}
			]
			
        }

    ]
}