{
	"trail_effects": [
		{
			"start_time": 0.55,
			"end_time": 0.6,
			"joint": "Tool_R",
			"item_skin_hand": "main_hand"
		},
		{
			"start_time": 0.7,
			"end_time": 1.0,
			"joint": "Tool_R",
			"item_skin_hand": "main_hand"
		},
		{
			"start_time": 0.55,
			"end_time": 0.56,
			"joint": "Tool_R",
			"item_skin_hand": "main_hand",
			"begin_pos": [-0.25, 0.0, 0.5],
			"end_pos": [0.25, 0.2, -2.5],
			"lifetime": 12,
			"interpolations": 4
		},
		{
			"start_time": 0.7,
			"end_time": 0.72,
			"joint": "Tool_R",
			"item_skin_hand": "main_hand",
			"color": [80, 80, 80],
			"begin_pos": [-0.25, 0.0, 0.5],
			"end_pos": [0.25, 0.2, -2.5],
			"lifetime": 12,
			"interpolations": 4
		}
	]
}