{
	"trail_effects": [
		{
			"start_time": 0.8,
			"end_time": 0.9,
			"joint": "Tool_R",
			"item_skin_hand": "main_hand"
		},
		{
			"start_time": 1.05,
			"end_time": 1.25,
			"joint": "Tool_R",
			"item_skin_hand": "main_hand"
		},
		{
			"start_time": 0.8,
			"end_time": 0.81,
			"joint": "Tool_R",
			"item_skin_hand": "main_hand",
			"begin_pos": [-0.25, 0.0, 0.5],
			"end_pos": [0.25, 0.2, -2.5],
			"lifetime": 12,
			"interpolations": 4
		},
		{
			"start_time": 1.05,
			"end_time": 1.07,
			"joint": "Tool_R",
			"item_skin_hand": "main_hand",
			"begin_pos": [-0.25, 0.0, 0.5],
			"end_pos": [0.25, 0.2, -2.5],
			"lifetime": 12,
			"interpolations": 4
		}
	]
}