{
	"trail_effects": [
		{
			"start_time": 0.05,
			"end_time": 0.25,
			"joint": "Tool_R",
			"begin_pos": [0.0, 0.0, -0.5],
			"end_pos": [0.0, 0.1, -2.1],
			"item_skin_hand": "main_hand",
			"lifetime": 4,
			"interpolations": 7
		},
		{
			"start_time": 0.05,
			"end_time": 0.25,
			"joint": "Tool_R",
			"begin_pos": [0.5, 0.0, 0.5],
			"end_pos": [-0.5, 0.1, -2.7],
			"item_skin_hand": "main_hand",
			"lifetime": 5,
			"interpolations": 7
		},
		{
			"start_time": 0.05,
			"end_time": 0.25,
			"joint": "Tool_R",
			"begin_pos": [-0.5, 0.0, 0.1],
			"end_pos": [0.5, -0.1, -1.5],
			"item_skin_hand": "main_hand",
			"lifetime": 6,
			"interpolations": 7
		},
		{
			"start_time": 0.3,
			"end_time": 0.5,
			"joint": "Tool_R",
			"begin_pos": [0.0, 0.0, 0.5],
			"end_pos": [0.0, 0.1, -2.1],
			"item_skin_hand": "main_hand",
			"lifetime": 4,
			"interpolations": 7
		},
		{
			"start_time": 0.3,
			"end_time": 0.5,
			"joint": "Tool_R",
			"begin_pos": [-0.5, 0.0, 0.5],
			"end_pos": [0.5, 0.1, -2.7],
			"item_skin_hand": "main_hand",
			"lifetime": 5,
			"interpolations": 7
		},
		{
			"start_time": 0.3,
			"end_time": 0.5,
			"joint": "Tool_R",
			"begin_pos": [0.5, 0.0, 0.1],
			"end_pos": [-0.5, -0.1, -1.5],
			"item_skin_hand": "main_hand",
			"lifetime": 6,
			"interpolations": 7
		},
		{
			"start_time": 0.05,
			"end_time": 0.06,
			"joint": "Tool_R",
			"item_skin_hand": "main_hand",
			"begin_pos": [-0.25, 0.0, 0.5],
			"end_pos": [0.25, 0.2, -2.5],
			"lifetime": 10,
			"interpolations": 4
		},
		{
			"start_time": 0.3,
			"end_time": 0.31,
			"joint": "Tool_R",
			"item_skin_hand": "main_hand",
			"begin_pos": [-0.25, 0.0, 0.5],
			"end_pos": [0.25, 0.2, -2.5],
			"lifetime": 10,
			"interpolations": 4
		}
	]
}