{
    "trail_effects": [
        {
            "start_time": 0.05,
            "end_time": 1.48,
            "lifetime": 20,
            "joint": "Chest",
            "item_skin_hand": "main_hand",
            "particle_type": "epicacg:alo_wing",
            "texture_path": "epicacg:textures/particle/asuna_wing.png"
        },
    {
      "start_time": 0.05,
      "end_time": 3.0,
      "lifetime": 5,
      "joint": "Tool_R",
      "item_skin_hand": "main_hand"
       }
    ]
}