{
	"credit": "End_Rage waz here",
	"parent": "item/generated",
	"textures": {
		"layer0": "epicfight:item/bokken"
	},
	"display": {
		"thirdperson_righthand": {
			"rotation": [71.91, 87.25, -10.41],
			"translation": [0, -9.7, -3.3],
			"scale": [1.8, 1.8, 1.3]
		},
		"thirdperson_lefthand": {
			"rotation": [20, -93.25, -10.41],
			"translation": [0.5, -1.7, 1.6],
			"scale": [1.8, 1.8, 2.0]
		},
		"firstperson_righthand": {
			"rotation": [0, -90, 25],
			"translation": [1.13, 9.2, 1.13],
			"scale": [1.7, 1.7, 0.85]
		},
		"firstperson_lefthand": {
			"rotation": [0, 90, -10.41],
			"translation": [0, -9.7, -2.7],
			"scale": [1.8, 1.8, 2.5]
		},
		"ground": {
			"translation": [0, 5, 0],
			"scale": [1.2, 1.2, 1]
		},
		"gui": {
			"translation": [4.1, 4.6, 0],
			"scale": [1.5, 1.5, 1.5]
		},
		"head": {
			"rotation": [0, 180, 0],
			"translation": [0, 13, 7]
		},
		"fixed": {
			"translation": [2, 2.25, 0],
			"scale": [1.51, 1.51, 0.87]
		}
	}
}