{
	"trail_effects": [
		{
			"start_time": 0.02,
			"end_time": 1.55,
			"lifetime": 6,
			"interpolations": 6,
			"joint": "Tool_L",
			"texture_path": "wom:textures/particle/solar/weapon_trail/basic_obscuridad.png",
			"item_skin_hand": "off_hand"
		},
		{
			"start_time": 0.02,
			"end_time": 1.55,
			"lifetime": 6,
			"interpolations": 6,
			"joint": "Tool_R",
			"texture_path": "wom:textures/particle/solar/weapon_trail/basic_obscuridad.png",
			"item_skin_hand": "main_hand"
		}
	]
}